plant,Dragonfruit
variant_title,3.15x Fusion Mutation Dragonfruit ALL Damage Numbers
multiplier,3.15

kg,lvl1,lvl2,lvl3,lvl4,lvl5,lvl6,lvl7,lvl8,lvl9,lvl10
1.0,787.5,1181.25,1575,1968.75,2362.5,2756.25,3150,3543.75,3937.5,4331.25
1.1,866.25,1299.375,1732.5,2165.625,2598.75,3031.875,3465,3898.125,4331.25,4764.375
1.2,945,1417.5,1890,2362.5,2835,3307.5,3780,4252.5,4725,5197.5
1.3,1023.75,1535.625,2047.5,2559.375,3071.25,3583.125,4095,4606.875,5118.75,5630.625
1.4,1102.5,1653.75,2205,2756.25,3307.5,3858.75,4410,4961.25,5512.5,6063.75
1.5,1181.25,1771.875,2362.5,2953.125,3543.75,4134.375,4725,5315.625,5906.25,6496.875
1.6,1260,1890,2520,3150,3780,4410,5040,5670,6300,6930
1.7,1338.75,2008.125,2677.5,3346.875,4016.25,4685.625,5355,6024.375,6693.75,7363.125
1.8,1417.5,2126.25,2835,3543.75,4252.5,4961.25,5670,6378.75,7087.5,7796.25
1.9,1496.25,2244.375,2992.5,3740.625,4488.75,5236.875,5985,6733.125,7481.25,8229.375
2,1575,2362.5,3150,3937.5,4725,5512.5,6300,7087.5,7875,8662.5
2.1,1653.75,2480.625,3307.5,4134.375,4961.25,5788.125,6615,7441.875,8268.75,9095.625
2.2,1732.5,2598.75,3465,4331.25,5197.5,6063.75,6930,7796.25,8662.5,9528.75
2.3,1811.25,2716.875,3622.5,4528.125,5433.75,6339.375,7245,8150.625,9056.25,9961.875
2.4,1890,2835,3780,4725,5670,6615,7560,8505,9450,10395
2.5,1968.75,2953.125,3937.5,4921.875,5906.25,6890.625,7875,8859.375,9843.75,10828.125
2.6,2047.5,3071.25,4095,5118.75,6142.5,7166.25,8190,9213.75,10237.5,11261.25
2.7,2126.25,3189.375,4252.5,5315.625,6378.75,7441.875,8505,9568.125,10631.25,11694.375
2.8,2205,3307.5,4410,5512.5,6615,7717.5,8820,9922.5,11025,12127.5
2.9,2283.75,3425.625,4567.5,5709.375,6851.25,7993.125,9135,10276.875,11418.75,12560.625
3,2362.5,3543.75,4725,5906.25,7087.5,8268.75,9450,10631.25,11812.5,12993.75
3.1,2441.25,3661.875,4882.5,6103.125,7323.75,8544.375,9765,10985.625,12206.25,13426.875
3.2,2520,3780,5040,6300,7560,8820,10080,11340,12600,13860
3.3,2598.75,3898.125,5197.5,6496.875,7796.25,9095.625,10395,11694.375,12993.75,14293.125
3.4,2677.5,4016.25,5355,6693.75,8032.5,9371.25,10710,12048.75,13387.5,14726.25
3.5,2756.25,4134.375,5512.5,6890.625,8268.75,9646.875,11025,12403.125,13781.25,15159.375
3.6,2835,4252.5,5670,7087.5,8505,9922.5,11340,12757.5,14175,15592.5
3.7,2913.75,4370.625,5827.5,7284.375,8741.25,10198.125,11655,13111.875,14568.75,16025.625
3.8,2992.5,4488.75,5985,7481.25,8977.5,10473.75,11970,13466.25,14962.5,16458.75
3.9,3071.25,4606.875,6142.5,7678.125,9213.75,10749.375,12285,13820.625,15356.25,16891.875
4,3150,4725,6300,7875,9450,11025,12600,14175,15750,17325
4.1,3228.75,4843.125,6457.5,8071.875,9686.25,11300.625,12915,14529.375,16143.75,17758.125
4.2,3307.5,4961.25,6615,8268.75,9922.5,11576.25,13230,14883.75,16537.5,18191.25
4.3,3386.25,5079.375,6772.5,8465.625,10158.75,11851.875,13545,15238.125,16931.25,18624.375
4.4,3465,5197.5,6930,8662.5,10395,12127.5,13860,15592.5,17325,19057.5
4.5,3543.75,5315.625,7087.5,8859.375,10631.25,12403.125,14175,15946.875,17718.75,19490.625
4.6,3622.5,5433.75,7245,9056.25,10867.5,12678.75,14490,16301.25,18112.5,19923.75
4.7,3701.25,5551.875,7402.5,9253.125,11103.75,12954.375,14805,16655.625,18506.25,20356.875
4.8,3780,5670,7560,9450,11340,13230,15120,17010,18900,20790
4.9,3858.75,5788.125,7717.5,9646.875,11576.25,13505.625,15435,17364.375,19293.75,21223.125
5,3937.5,5906.25,7875,9843.75,11812.5,13781.25,15750,17718.75,19687.5,21656.25
5.1,4016.25,6024.375,8032.5,10040.625,12048.75,14056.875,16065,18073.125,20081.25,22089.375
5.2,4095,6142.5,8190,10237.5,12285,14332.5,16380,18427.5,20475,22522.5
5.3,4173.75,6260.625,8347.5,10434.375,12521.25,14608.125,16695,18781.875,20868.75,22955.625
5.4,4252.5,6378.75,8505,10631.25,12757.5,14883.75,17010,19136.25,21262.5,23388.75
5.5,4331.25,6496.875,8662.5,10828.125,12993.75,15159.375,17325,19490.625,21656.25,23821.875
5.6,4410,6615,8820,11025,13230,15435,17640,19845,22050,24255
5.7,4488.75,6733.125,8977.5,11221.875,13466.25,15710.625,17955,20199.375,22443.75,24688.125
5.8,4567.5,6851.25,9135,11418.75,13702.5,15986.25,18270,20553.75,22837.5,25121.25
5.9,4646.25,6969.375,9292.5,11615.625,13938.75,16261.875,18585,20908.125,23231.25,25554.375
6,4725,7087.5,9450,11812.5,14175,16537.5,18900,21262.5,23625,25987.5
6.1,4803.75,7205.625,9607.5,12009.375,14411.25,16813.125,19215,21616.875,24018.75,26420.625
6.2,4882.5,7323.75,9765,12206.25,14647.5,17088.75,19530,21971.25,24412.5,26853.75
6.3,4961.25,7441.875,9922.5,12403.125,14883.75,17364.375,19845,22325.625,24806.25,27286.875
6.4,5040,7560,10080,12600,15120,17640,20160,22680,25200,27720
6.5,5118.75,7678.125,10237.5,12796.875,15356.25,17915.625,20475,23034.375,25593.75,28153.125
6.6,5197.5,7796.25,10395,12993.75,15592.5,18191.25,20790,23388.75,25987.5,28586.25
6.7,5276.25,7914.375,10552.5,13190.625,15828.75,18466.875,21105,23743.125,26381.25,29019.375
6.8,5355,8032.5,10710,13387.5,16065,18742.5,21420,24097.5,26775,29452.5
6.9,5433.75,8150.625,10867.5,13584.375,16301.25,19018.125,21735,24451.875,27168.75,29885.625
7,5512.5,8268.75,11025,13781.25,16537.5,19293.75,22050,24806.25,27562.5,30318.75
7.1,5591.25,8386.875,11182.5,13978.125,16773.75,19569.375,22365,25160.625,27956.25,30751.875
7.2,5670,8505,11340,14175,17010,19845,22680,25515,28350,31185
7.3,5748.75,8623.125,11497.5,14371.875,17246.25,20120.625,22995,25869.375,28743.75,31618.125
7.4,5827.5,8741.25,11655,14568.75,17482.5,20396.25,23310,26223.75,29137.5,32051.25
7.5,5906.25,8859.375,11812.5,14765.625,17718.75,20671.875,23625,26578.125,29531.25,32484.375
7.6,5985,8977.5,11970,14962.5,17955,20947.5,23940,26932.5,29925,32917.5
7.7,6063.75,9095.625,12127.5,15159.375,18191.25,21223.125,24255,27286.875,30318.75,33350.625
7.8,6142.5,9213.75,12285,15356.25,18427.5,21498.75,24570,27641.25,30712.5,33783.75
7.9,6221.25,9331.875,12442.5,15553.125,18663.75,21774.375,24885,27995.625,31106.25,34216.875
8,6300,9450,12600,15750,18900,22050,25200,28350,31500,34650
8.1,6378.75,9568.125,12757.5,15946.875,19136.25,22325.625,25515,28704.375,31893.75,35083.125
8.2,6457.5,9686.25,12915,16143.75,19372.5,22601.25,25830,29058.75,32287.5,35516.25
8.3,6536.25,9804.375,13072.5,16340.625,19608.75,22876.875,26145,29413.125,32681.25,35949.375
8.4,6615,9922.5,13230,16537.5,19845,23152.5,26460,29767.5,33075,36382.5
8.5,6693.75,10040.625,13387.5,16734.375,20081.25,23428.125,26775,30121.875,33468.75,36815.625
8.6,6772.5,10158.75,13545,16931.25,20317.5,23703.75,27090,30476.25,33862.5,37248.75
8.7,6851.25,10276.875,13702.5,17128.125,20553.75,23979.375,27405,30830.625,34256.25,37681.875
8.8,6930,10395,13860,17325,20790,24255,27720,31185,34650,38115
8.9,7008.75,10513.125,14017.5,17521.875,21026.25,24530.625,28035,31539.375,35043.75,38548.125
9,7087.5,10631.25,14175,17718.75,21262.5,24806.25,28350,31893.75,35437.5,38981.25
9.1,7166.25,10749.375,14332.5,17915.625,21498.75,25081.875,28665,32248.125,35831.25,39414.375
9.2,7245,10867.5,14490,18112.5,21735,25357.5,28980,32602.5,36225,39847.5
9.3,7323.75,10985.625,14647.5,18309.375,21971.25,25633.125,29295,32956.875,36618.75,40280.625
9.4,7402.5,11103.75,14805,18506.25,22207.5,25908.75,29610,33311.25,37012.5,40713.75
9.5,7481.25,11221.875,14962.5,18703.125,22443.75,26184.375,29925,33665.625,37406.25,41146.875
9.6,7560,11340,15120,18900,22680,26460,30240,34020,37800,41580
9.7,7638.75,11458.125,15277.5,19096.875,22916.25,26735.625,30555,34374.375,38193.75,42013.125
9.8,7717.5,11576.25,15435,19293.75,23152.5,27011.25,30870,34728.75,38587.5,42446.25
9.9,7796.25,11694.375,15592.5,19490.625,23388.75,27286.875,31185,35083.125,38981.25,42879.375
10,7875,11812.5,15750,19687.5,23625,27562.5,31500,35437.5,39375,43312.5
10.1,7953.75,11930.625,15907.5,19884.375,23861.25,27838.125,31815,35791.875,39768.75,43745.625
10.2,8032.5,12048.75,16065,20081.25,24097.5,28113.75,32130,36146.25,40162.5,44178.75
10.3,8111.25,12166.875,16222.5,20278.125,24333.75,28389.375,32445,36500.625,40556.25,44611.875
10.4,8190,12285,16380,20475,24570,28665,32760,36855,40950,45045
10.5,8268.75,12403.125,16537.5,20671.875,24806.25,28940.625,33075,37209.375,41343.75,45478.125
10.6,8347.5,12521.25,16695,20868.75,25042.5,29216.25,33390,37563.75,41737.5,45911.25
10.7,8426.25,12639.375,16852.5,21065.625,25278.75,29491.875,33705,37918.125,42131.25,46344.375
10.8,8505,12757.5,17010,21262.5,25515,29767.5,34020,38272.5,42525,46777.5
10.9,8583.75,12875.625,17167.5,21459.375,25751.25,30043.125,34335,38626.875,42918.75,47210.625
11,8662.5,12993.75,17325,21656.25,25987.5,30318.75,34650,38981.25,43312.5,47643.75
11.1,8741.25,13111.875,17482.5,21853.125,26223.75,30594.375,34965,39335.625,43706.25,48076.875
11.2,8820,13230,17640,22050,26460,30870,35280,39690,44100,48510
11.3,8898.75,13348.125,17797.5,22246.875,26696.25,31145.625,35595,40044.375,44493.75,48943.125
11.4,8977.5,13466.25,17955,22443.75,26932.5,31421.25,35910,40398.75,44887.5,49376.25
11.5,9056.25,13584.375,18112.5,22640.625,27168.75,31696.875,36225,40753.125,45281.25,49809.375
11.6,9135,13702.5,18270,22837.5,27405,31972.5,36540,41107.5,45675,50242.5
11.7,9213.75,13820.625,18427.5,23034.375,27641.25,32248.125,36855,41461.875,46068.75,50675.625
11.8,9292.5,13938.75,18585,23231.25,27877.5,32523.75,37170,41816.25,46462.5,51108.75
11.9,9371.25,14056.875,18742.5,23428.125,28113.75,32799.375,37485,42170.625,46856.25,51541.875
12,9450,14175,18900,23625,28350,33075,37800,42525,47250,51975
12.1,9528.75,14293.125,19057.5,23821.875,28586.25,33350.625,38115,42879.375,47643.75,52408.125
12.2,9607.5,14411.25,19215,24018.75,28822.5,33626.25,38430,43233.75,48037.5,52841.25
12.3,9686.25,14529.375,19372.5,24215.625,29058.75,33901.875,38745,43588.125,48431.25,53274.375
12.4,9765,14647.5,19530,24412.5,29295,34177.5,39060,43942.5,48825,53707.5
12.5,9843.75,14765.625,19687.5,24609.375,29531.25,34453.125,39375,44296.875,49218.75,54140.625
12.6,9922.5,14883.75,19845,24806.25,29767.5,34728.75,39690,44651.25,49612.5,54573.75
12.7,10001.25,15001.875,20002.5,25003.125,30003.75,35004.375,40005,45005.625,50006.25,55006.875
12.8,10080,15120,20160,25200,30240,35280,40320,45360,50400,55440
12.9,10158.75,15238.125,20317.5,25396.875,30476.25,35555.625,40635,45714.375,50793.75,55873.125
13,10237.5,15356.25,20475,25593.75,30712.5,35831.25,40950,46068.75,51187.5,56306.25
13.1,10316.25,15474.375,20632.5,25790.625,30948.75,36106.875,41265,46423.125,51581.25,56739.375
13.2,10395,15592.5,20790,25987.5,31185,36382.5,41580,46777.5,51975,57172.5
13.3,10473.75,15710.625,20947.5,26184.375,31421.25,36658.125,41895,47131.875,52368.75,57605.625
13.4,10552.5,15828.75,21105,26381.25,31657.5,36933.75,42210,47486.25,52762.5,58038.75
13.5,10631.25,15946.875,21262.5,26578.125,31893.75,37209.375,42525,47840.625,53156.25,58471.875
13.6,10710,16065,21420,26775,32130,37485,42840,48195,53550,58905
13.7,10788.75,16183.125,21577.5,26971.875,32366.25,37760.625,43155,48549.375,53943.75,59338.125
13.8,10867.5,16301.25,21735,27168.75,32602.5,38036.25,43470,48903.75,54337.5,59771.25
13.9,10946.25,16419.375,21892.5,27365.625,32838.75,38311.875,43785,49258.125,54731.25,60204.375
14,11025,16537.5,22050,27562.5,33075,38587.5,44100,49612.5,55125,60637.5
14.1,11103.75,16655.625,22207.5,27759.375,33311.25,38863.125,44415,49966.875,55518.75,61070.625
14.2,11182.5,16773.75,22365,27956.25,33547.5,39138.75,44730,50321.25,55912.5,61503.75
14.3,11261.25,16891.875,22522.5,28153.125,33783.75,39414.375,45045,50675.625,56306.25,61936.875
14.4,11340,17010,22680,28350,34020,39690,45360,51030,56700,62370
14.5,11418.75,17128.125,22837.5,28546.875,34256.25,39965.625,45675,51384.375,57093.75,62803.125
14.6,11497.5,17246.25,22995,28743.75,34492.5,40241.25,45990,51738.75,57487.5,63236.25
14.7,11576.25,17364.375,23152.5,28940.625,34728.75,40516.875,46305,52093.125,57881.25,63669.375
14.8,11655,17482.5,23310,29137.5,34965,40792.5,46620,52447.5,58275,64102.5
14.9,11733.75,17600.625,23467.5,29334.375,35201.25,41068.125,46935,52801.875,58668.75,64535.625
15,11812.5,17718.75,23625,29531.25,35437.5,41343.75,47250,53156.25,59062.5,64968.75
15.1,11891.25,17836.875,23782.5,29728.125,35673.75,41619.375,47565,53510.625,59456.25,65401.875
15.2,11970,17955,23940,29925,35910,41895,47880,53865,59850,65835
15.3,12048.75,18073.125,24097.5,30121.875,36146.25,42170.625,48195,54219.375,60243.75,66268.125
15.4,12127.5,18191.25,24255,30318.75,36382.5,42446.25,48510,54573.75,60637.5,66701.25
15.5,12206.25,18309.375,24412.5,30515.625,36618.75,42721.875,48825,54928.125,61031.25,67134.375
15.6,12285,18427.5,24570,30712.5,36855,42997.5,49140,55282.5,61425,67567.5
15.7,12363.75,18545.625,24727.5,30909.375,37091.25,43273.125,49455,55636.875,61818.75,68000.625
15.8,12442.5,18663.75,24885,31106.25,37327.5,43548.75,49770,55991.25,62212.5,68433.75
15.9,12521.25,18781.875,25042.5,31303.125,37563.75,43824.375,50085,56345.625,62606.25,68866.875
16,12600,18900,25200,31500,37800,44100,50400,56700,63000,69300
16.1,12678.75,19018.125,25357.5,31696.875,38036.25,44375.625,50715,57054.375,63393.75,69733.125
16.2,12757.5,19136.25,25515,31893.75,38272.5,44651.25,51030,57408.75,63787.5,70166.25
16.3,12836.25,19254.375,25672.5,32090.625,38508.75,44926.875,51345,57763.125,64181.25,70599.375
16.4,12915,19372.5,25830,32287.5,38745,45202.5,51660,58117.5,64575,71032.5
16.5,12993.75,19490.625,25987.5,32484.375,38981.25,45478.125,51975,58471.875,64968.75,71465.625
16.6,13072.5,19608.75,26145,32681.25,39217.5,45753.75,52290,58826.25,65362.5,71898.75
16.7,13151.25,19726.875,26302.5,32878.125,39453.75,46029.375,52605,59180.625,65756.25,72331.875
16.8,13230,19845,26460,33075,39690,46305,52920,59535,66150,72765
16.9,13308.75,19963.125,26617.5,33271.875,39926.25,46580.625,53235,59889.375,66543.75,73198.125
17,13387.5,20081.25,26775,33468.75,40162.5,46856.25,53550,60243.75,66937.5,73631.25
17.1,13466.25,20199.375,26932.5,33665.625,40398.75,47131.875,53865,60598.125,67331.25,74064.375
17.2,13545,20317.5,27090,33862.5,40635,47407.5,54180,60952.5,67725,74497.5
17.3,13623.75,20435.625,27247.5,34059.375,40871.25,47683.125,54495,61306.875,68118.75,74930.625
17.4,13702.5,20553.75,27405,34256.25,41107.5,47958.75,54810,61661.25,68512.5,75363.75
17.5,13781.25,20671.875,27562.5,34453.125,41343.75,48234.375,55125,62015.625,68906.25,75796.875
17.6,13860,20790,27720,34650,41580,48510,55440,62370,69300,76230
17.7,13938.75,20908.125,27877.5,34846.875,41816.25,48785.625,55755,62724.375,69693.75,76663.125
17.8,14017.5,21026.25,28035,35043.75,42052.5,49061.25,56070,63078.75,70087.5,77096.25
17.9,14096.25,21144.375,28192.5,35240.625,42288.75,49336.875,56385,63433.125,70481.25,77529.375
18,14175,21262.5,28350,35437.5,42525,49612.5,56700,63787.5,70875,77962.5
18.1,14253.75,21380.625,28507.5,35634.375,42761.25,49888.125,57015,64141.875,71268.75,78395.625
18.2,14332.5,21498.75,28665,35831.25,42997.5,50163.75,57330,64496.25,71662.5,78828.75
18.3,14411.25,21616.875,28822.5,36028.125,43233.75,50439.375,57645,64850.625,72056.25,79261.875
18.4,14490,21735,28980,36225,43470,50715,57960,65205,72450,79695
18.5,14568.75,21853.125,29137.5,36421.875,43706.25,50990.625,58275,65559.375,72843.75,80128.125
18.6,14647.5,21971.25,29295,36618.75,43942.5,51266.25,58590,65913.75,73237.5,80561.25
18.7,14726.25,22089.375,29452.5,36815.625,44178.75,51541.875,58905,66268.125,73631.25,80994.375
18.8,14805,22207.5,29610,37012.5,44415,51817.5,59220,66622.5,74025,81427.5
18.9,14883.75,22325.625,29767.5,37209.375,44651.25,52093.125,59535,66976.875,74418.75,81860.625
19,14962.5,22443.75,29925,37406.25,44887.5,52368.75,59850,67331.25,74812.5,82293.75
19.1,15041.25,22561.875,30082.5,37603.125,45123.75,52644.375,60165,67685.625,75206.25,82726.875
19.2,15120,22680,30240,37800,45360,52920,60480,68040,75600,83160
19.3,15198.75,22798.125,30397.5,37996.875,45596.25,53195.625,60795,68394.375,75993.75,83593.125
19.4,15277.5,22916.25,30555,38193.75,45832.5,53471.25,61110,68748.75,76387.5,84026.25
19.5,15356.25,23034.375,30712.5,38390.625,46068.75,53746.875,61425,69103.125,76781.25,84459.375
19.6,15435,23152.5,30870,38587.5,46305,54022.5,61740,69457.5,77175,84892.5
19.7,15513.75,23270.625,31027.5,38784.375,46541.25,54298.125,62055,69811.875,77568.75,85325.625
19.8,15592.5,23388.75,31185,38981.25,46777.5,54573.75,62370,70166.25,77962.5,85758.75
19.9,15671.25,23506.875,31342.5,39178.125,47013.75,54849.375,62685,70520.625,78356.25,86191.875
20,15750,23625,31500,39375,47250,55125,63000,70875,78750,86625
20.1,15828.75,23743.125,31657.5,39571.875,47486.25,55400.625,63315,71229.375,79143.75,87058.125
20.2,15907.5,23861.25,31815,39768.75,47722.5,55676.25,63630,71583.75,79537.5,87491.25
20.3,15986.25,23979.375,31972.5,39965.625,47958.75,55951.875,63945,71938.125,79931.25,87924.375
20.4,16065,24097.5,32130,40162.5,48195,56227.5,64260,72292.5,80325,88357.5
20.5,16143.75,24215.625,32287.5,40359.375,48431.25,56503.125,64575,72646.875,80718.75,88790.625
20.6,16222.5,24333.75,32445,40556.25,48667.5,56778.75,64890,73001.25,81112.5,89223.75
20.7,16301.25,24451.875,32602.5,40753.125,48903.75,57054.375,65205,73355.625,81506.25,89656.875
20.8,16380,24570,32760,40950,49140,57330,65520,73710,81900,90090
20.9,16458.75,24688.125,32917.5,41146.875,49376.25,57605.625,65835,74064.375,82293.75,90523.125
21,16537.5,24806.25,33075,41343.75,49612.5,57881.25,66150,74418.75,82687.5,90956.25
21.1,16616.25,24924.375,33232.5,41540.625,49848.75,58156.875,66465,74773.125,83081.25,91389.375
21.2,16695,25042.5,33390,41737.5,50085,58432.5,66780,75127.5,83475,91822.5
21.3,16773.75,25160.625,33547.5,41934.375,50321.25,58708.125,67095,75481.875,83868.75,92255.625
21.4,16852.5,25278.75,33705,42131.25,50557.5,58983.75,67410,75836.25,84262.5,92688.75
21.5,16931.25,25396.875,33862.5,42328.125,50793.75,59259.375,67725,76190.625,84656.25,93121.875
21.6,17010,25515,34020,42525,51030,59535,68040,76545,85050,93555
21.7,17088.75,25633.125,34177.5,42721.875,51266.25,59810.625,68355,76899.375,85443.75,93988.125
21.8,17167.5,25751.25,34335,42918.75,51502.5,60086.25,68670,77253.75,85837.5,94421.25
21.9,17246.25,25869.375,34492.5,43115.625,51738.75,60361.875,68985,77608.125,86231.25,94854.375
22,17325,25987.5,34650,43312.5,51975,60637.5,69300,77962.5,86625,95287.5
22.1,17403.75,26105.625,34807.5,43509.375,52211.25,60913.125,69615,78316.875,87018.75,95720.625
22.2,17482.5,26223.75,34965,43706.25,52447.5,61188.75,69930,78671.25,87412.5,96153.75
22.3,17561.25,26341.875,35122.5,43903.125,52683.75,61464.375,70245,79025.625,87806.25,96586.875
22.4,17640,26460,35280,44100,52920,61740,70560,79380,88200,97020
22.5,17718.75,26578.125,35437.5,44296.875,53156.25,62015.625,70875,79734.375,88593.75,97453.125
22.6,17797.5,26696.25,35595,44493.75,53392.5,62291.25,71190,80088.75,88987.5,97886.25
22.7,17876.25,26814.375,35752.5,44690.625,53628.75,62566.875,71505,80443.125,89381.25,98319.375
22.8,17955,26932.5,35910,44887.5,53865,62842.5,71820,80797.5,89775,98752.5
22.9,18033.75,27050.625,36067.5,45084.375,54101.25,63118.125,72135,81151.875,90168.75,99185.625
23,18112.5,27168.75,36225,45281.25,54337.5,63393.75,72450,81506.25,90562.5,99618.75
23.1,18191.25,27286.875,36382.5,45478.125,54573.75,63669.375,72765,81860.625,90956.25,100051.875
23.2,18270,27405,36540,45675,54810,63945,73080,82215,91350,100485
23.3,18348.75,27523.125,36697.5,45871.875,55046.25,64220.625,73395,82569.375,91743.75,100918.125
23.4,18427.5,27641.25,36855,46068.75,55282.5,64496.25,73710,82923.75,92137.5,101351.25
23.5,18506.25,27759.375,37012.5,46265.625,55518.75,64771.875,74025,83278.125,92531.25,101784.375
23.6,18585,27877.5,37170,46462.5,55755,65047.5,74340,83632.5,92925,102217.5
23.7,18663.75,27995.625,37327.5,46659.375,55991.25,65323.125,74655,83986.875,93318.75,102650.625
23.8,18742.5,28113.75,37485,46856.25,56227.5,65598.75,74970,84341.25,93712.5,103083.75
23.9,18821.25,28231.875,37642.5,47053.125,56463.75,65874.375,75285,84695.625,94106.25,103516.875
24,18900,28350,37800,47250,56700,66150,75600,85050,94500,103950
24.1,18978.75,28468.125,37957.5,47446.875,56936.25,66425.625,75915,85404.375,94893.75,104383.125
24.2,19057.5,28586.25,38115,47643.75,57172.5,66701.25,76230,85758.75,95287.5,104816.25
24.3,19136.25,28704.375,38272.5,47840.625,57408.75,66976.875,76545,86113.125,95681.25,105249.375
24.4,19215,28822.5,38430,48037.5,57645,67252.5,76860,86467.5,96075,105682.5
24.5,19293.75,28940.625,38587.5,48234.375,57881.25,67528.125,77175,86821.875,96468.75,106115.625
24.6,19372.5,29058.75,38745,48431.25,58117.5,67803.75,77490,87176.25,96862.5,106548.75
24.7,19451.25,29176.875,38902.5,48628.125,58353.75,68079.375,77805,87530.625,97256.25,106981.875
24.8,19530,29295,39060,48825,58590,68355,78120,87885,97650,107415
24.9,19608.75,29413.125,39217.5,49021.875,58826.25,68630.625,78435,88239.375,98043.75,107848.125
25,19687.5,29531.25,39375,49218.75,59062.5,68906.25,78750,88593.75,98437.5,108281.25
25.1,19766.25,29649.375,39532.5,49415.625,59298.75,69181.875,79065,88948.125,98831.25,108714.375
25.2,19845,29767.5,39690,49612.5,59535,69457.5,79380,89302.5,99225,109147.5
25.3,19923.75,29885.625,39847.5,49809.375,59771.25,69733.125,79695,89656.875,99618.75,109580.625
25.4,20002.5,30003.75,40005,50006.25,60007.5,70008.75,80010,90011.25,100012.5,110013.75
25.5,20081.25,30121.875,40162.5,50203.125,60243.75,70284.375,80325,90365.625,100406.25,110446.875
25.6,20160,30240,40320,50400,60480,70560,80640,90720,100800,110880
25.7,20238.75,30358.125,40477.5,50596.875,60716.25,70835.625,80955,91074.375,101193.75,111313.125
25.8,20317.5,30476.25,40635,50793.75,60952.5,71111.25,81270,91428.75,101587.5,111746.25
25.9,20396.25,30594.375,40792.5,50990.625,61188.75,71386.875,81585,91783.125,101981.25,112179.375
26,20475,30712.5,40950,51187.5,61425,71662.5,81900,92137.5,102375,112612.5
26.1,20553.75,30830.625,41107.5,51384.375,61661.25,71938.125,82215,92491.875,102768.75,113045.625
26.2,20632.5,30948.75,41265,51581.25,61897.5,72213.75,82530,92846.25,103162.5,113478.75
26.3,20711.25,31066.875,41422.5,51778.125,62133.75,72489.375,82845,93200.625,103556.25,113911.875
26.4,20790,31185,41580,51975,62370,72765,83160,93555,103950,114345
26.5,20868.75,31303.125,41737.5,52171.875,62606.25,73040.625,83475,93909.375,104343.75,114778.125
26.6,20947.5,31421.25,41895,52368.75,62842.5,73316.25,83790,94263.75,104737.5,115211.25
26.7,21026.25,31539.375,42052.5,52565.625,63078.75,73591.875,84105,94618.125,105131.25,115644.375
26.8,21105,31657.5,42210,52762.5,63315,73867.5,84420,94972.5,105525,116077.5
26.9,21183.75,31775.625,42367.5,52959.375,63551.25,74143.125,84735,95326.875,105918.75,116510.625
27,21262.5,31893.75,42525,53156.25,63787.5,74418.75,85050,95681.25,106312.5,116943.75
27.1,21341.25,32011.875,42682.5,53353.125,64023.75,74694.375,85365,96035.625,106706.25,117376.875
27.2,21420,32130,42840,53550,64260,74970,85680,96390,107100,117810
27.3,21498.75,32248.125,42997.5,53746.875,64496.25,75245.625,85995,96744.375,107493.75,118243.125
27.4,21577.5,32366.25,43155,53943.75,64732.5,75521.25,86310,97098.75,107887.5,118676.25
27.5,21656.25,32484.375,43312.5,54140.625,64968.75,75796.875,86625,97453.125,108281.25,119109.375
27.6,21735,32602.5,43470,54337.5,65205,76072.5,86940,97807.5,108675,119542.5
27.7,21813.75,32720.625,43627.5,54534.375,65441.25,76348.125,87255,98161.875,109068.75,119975.625
27.8,21892.5,32838.75,43785,54731.25,65677.5,76623.75,87570,98516.25,109462.5,120408.75
27.9,21971.25,32956.875,43942.5,54928.125,65913.75,76899.375,87885,98870.625,109856.25,120841.875
28,22050,33075,44100,55125,66150,77175,88200,99225,110250,121275
28.1,22128.75,33193.125,44257.5,55321.875,66386.25,77450.625,88515,99579.375,110643.75,121708.125
28.2,22207.5,33311.25,44415,55518.75,66622.5,77726.25,88830,99933.75,111037.5,122141.25
28.3,22286.25,33429.375,44572.5,55715.625,66858.75,78001.875,89145,100288.125,111431.25,122574.375
28.4,22365,33547.5,44730,55912.5,67095,78277.5,89460,100642.5,111825,123007.5
28.5,22443.75,33665.625,44887.5,56109.375,67331.25,78553.125,89775,100996.875,112218.75,123440.625
28.6,22522.5,33783.75,45045,56306.25,67567.5,78828.75,90090,101351.25,112612.5,123873.75
28.7,22601.25,33901.875,45202.5,56503.125,67803.75,79104.375,90405,101705.625,113006.25,124306.875
28.8,22680,34020,45360,56700,68040,79380,90720,102060,113400,124740
28.9,22758.75,34138.125,45517.5,56896.875,68276.25,79655.625,91035,102414.375,113793.75,125173.125
29,22837.5,34256.25,45675,57093.75,68512.5,79931.25,91350,102768.75,114187.5,125606.25
29.1,22916.25,34374.375,45832.5,57290.625,68748.75,80206.875,91665,103123.125,114581.25,126039.375
29.2,22995,34492.5,45990,57487.5,68985,80482.5,91980,103477.5,114975,126472.5
29.3,23073.75,34610.625,46147.5,57684.375,69221.25,80758.125,92295,103831.875,115368.75,126905.625
29.4,23152.5,34728.75,46305,57881.25,69457.5,81033.75,92610,104186.25,115762.5,127338.75
29.5,23231.25,34846.875,46462.5,58078.125,69693.75,81309.375,92925,104540.625,116156.25,127771.875
29.6,23310,34965,46620,58275,69930,81585,93240,104895,116550,128205
29.7,23388.75,35083.125,46777.5,58471.875,70166.25,81860.625,93555,105249.375,116943.75,128638.125
29.8,23467.5,35201.25,46935,58668.75,70402.5,82136.25,93870,105603.75,117337.5,129071.25
29.9,23546.25,35319.375,47092.5,58865.625,70638.75,82411.875,94185,105958.125,117731.25,129504.375
30,23625,35437.5,47250,59062.5,70875,82687.5,94500,106312.5,118125,129937.5
